-- MySQL Script generated by MySQL Workbench
-- Wed 21 Oct 2020 08:18:51 PM CEST
-- Model: New Model    Version: 1.0
-- MySQL Workbench Forward Engineering

SET @OLD_UNIQUE_CHECKS=@@UNIQUE_CHECKS, UNIQUE_CHECKS=0;
SET @OLD_FOREIGN_KEY_CHECKS=@@FOREIGN_KEY_CHECKS, FOREIGN_KEY_CHECKS=0;
SET @OLD_SQL_MODE=@@SQL_MODE, SQL_MODE='TRADITIONAL,ALLOW_INVALID_DATES';

-- -----------------------------------------------------
-- Schema Part4
-- -----------------------------------------------------
DROP SCHEMA IF EXISTS `Part4` ;

-- -----------------------------------------------------
-- Schema Part4
-- -----------------------------------------------------
CREATE SCHEMA IF NOT EXISTS `Part4` DEFAULT CHARACTER SET utf8 ;
USE `Part4` ;

-- -----------------------------------------------------
-- Table `Part4`.`Comapny_size`
-- -----------------------------------------------------
DROP TABLE IF EXISTS `Part4`.`Comapny_size` ;

CREATE TABLE IF NOT EXISTS `Part4`.`Comapny_size` (
  `Id` INT NOT NULL,
  `Size` VARCHAR(45) NULL,
  PRIMARY KEY (`Id`))
ENGINE = InnoDB;

CREATE UNIQUE INDEX `Id_UNIQUE` ON `Part4`.`Comapny_size` (`Id` ASC);

INSERT INTO `Comapny_size` (`Id`,`Size`) VALUES (1,'small');
INSERT INTO `Comapny_size` (`Id`,`Size`) VALUES (2,'medium');
INSERT INTO `Comapny_size` (`Id`,`Size`) VALUES (3,'big');
-- -----------------------------------------------------
-- Table `Part4`.`Customers`
-- -----------------------------------------------------
DROP TABLE IF EXISTS `Part4`.`Customers` ;

CREATE TABLE IF NOT EXISTS `Part4`.`Customers` (
  `C_id` INT NOT NULL,
  `Name` VARCHAR(45) NULL,
  `Address` VARCHAR(45) NULL,
  `Phone` VARCHAR(45) NULL,
  `Contact-person` VARCHAR(45) NULL,
  `Email` VARCHAR(45) NULL,
  `Industry` VARCHAR(45) NULL,
  `Company_size` INT NULL,
  PRIMARY KEY (`C_id`),
  CONSTRAINT `fk_Customers_1`
    FOREIGN KEY (`Company_size`)
    REFERENCES `Part4`.`Comapny_size` (`Id`)
    ON DELETE NO ACTION
    ON UPDATE NO ACTION)
ENGINE = InnoDB;

CREATE UNIQUE INDEX `Email_UNIQUE` ON `Part4`.`Customers` (`Email` ASC);

CREATE UNIQUE INDEX `C_id_UNIQUE` ON `Part4`.`Customers` (`C_id` ASC);

CREATE INDEX `fk_Customers_1_idx` ON `Part4`.`Customers` (`Company_size` ASC);

INSERT INTO `Customers` (`C_id`,`Name`,`Address`,`Phone`,`Contact-person`,`Email`,`Industry`,`Company_size`) VALUES (1001,'DFD','plantevej 1','43989876','Hamed Kchi','info@dfd.dk','Service ',2);
INSERT INTO `Customers` (`C_id`,`Name`,`Address`,`Phone`,`Contact-person`,`Email`,`Industry`,`Company_size`) VALUES (1002,'DFDS','Holmegade 3','45679000','James Hnasen','info@dfds.dk','transport',3);
INSERT INTO `Customers` (`C_id`,`Name`,`Address`,`Phone`,`Contact-person`,`Email`,`Industry`,`Company_size`) VALUES (1003,'Mærsk','lyngbyvej 3','32090902','Mikeal Bor','msk@mearsk.com','transport',3);
INSERT INTO `Customers` (`C_id`,`Name`,`Address`,`Phone`,`Contact-person`,`Email`,`Industry`,`Company_size`) VALUES (1004,'Veatas','jegtevej 50','21010201','Adam Schmit','contact@vestas.dk','Energy',2);
INSERT INTO `Customers` (`C_id`,`Name`,`Address`,`Phone`,`Contact-person`,`Email`,`Industry`,`Company_size`) VALUES (1005,'Botved','Metalgang 16','23897600','Claus Linde','info@botved.com','Service',1);
INSERT INTO `Customers` (`C_id`,`Name`,`Address`,`Phone`,`Contact-person`,`Email`,`Industry`,`Company_size`) VALUES (1006,'Ørsted','Lyngbyvej 450','32090199','Tomas Macphea','ost@energy.com','Energy',3);
INSERT INTO `Customers` (`C_id`,`Name`,`Address`,`Phone`,`Contact-person`,`Email`,`Industry`,`Company_size`) VALUES (1007,'Berendsen','Dortheavej 2','10101029','John Adams','bts@berendsen.com','service',3);
-- -----------------------------------------------------
-- Table `Part4`.`Storage`
-- -----------------------------------------------------
DROP TABLE IF EXISTS `Part4`.`Storage` ;

CREATE TABLE IF NOT EXISTS `Part4`.`Storage` (
  `S_Id` VARCHAR(45) NOT NULL,
  `P_name` VARCHAR(45) NULL,
  `delivery_date` DATE NULL,
  `exp_date` VARCHAR(45) NULL,
  `amount` VARCHAR(45) NULL,
  `producer` VARCHAR(45) NULL,
  PRIMARY KEY (`S_Id`))
ENGINE = InnoDB;

CREATE UNIQUE INDEX `S_Id_UNIQUE` ON `Part4`.`Storage` (`S_Id` ASC);

CREATE UNIQUE INDEX `P_name_UNIQUE` ON `Part4`.`Storage` (`P_name` ASC);

INSERT INTO `Storage` (`S_Id`,`P_name`,`delivery_date`,`exp_date`,`amount`,`producer`) VALUES ('KS1020','Soap','2019-02-01','2025-02-01','300','Solid Co.');
INSERT INTO `Storage` (`S_Id`,`P_name`,`delivery_date`,`exp_date`,`amount`,`producer`) VALUES ('KS1021','Detergent 002','2019-02-01','2023-02-01','200','Clean mark');
INSERT INTO `Storage` (`S_Id`,`P_name`,`delivery_date`,`exp_date`,`amount`,`producer`) VALUES ('KS1022','Spray deodorant','2018-01-01','2025-08-01','243','Clean mark');
INSERT INTO `Storage` (`S_Id`,`P_name`,`delivery_date`,`exp_date`,`amount`,`producer`) VALUES ('KS1023','Cleaner kH2','2017-03-01','2024-04-01','35','Solid Co.');
INSERT INTO `Storage` (`S_Id`,`P_name`,`delivery_date`,`exp_date`,`amount`,`producer`) VALUES ('KS1024','Dispencer','2018-05-01','NULL','94','Prod Soft A/S');
INSERT INTO `Storage` (`S_Id`,`P_name`,`delivery_date`,`exp_date`,`amount`,`producer`) VALUES ('KS1025','Toilet paper','2017-06-01','NULL','54','Prod Spft A/S');
INSERT INTO `Storage` (`S_Id`,`P_name`,`delivery_date`,`exp_date`,`amount`,`producer`) VALUES ('KS1026','Oil Cleaner','2018-05-23','2020-09-01','43','Solid Co.');
INSERT INTO `Storage` (`S_Id`,`P_name`,`delivery_date`,`exp_date`,`amount`,`producer`) VALUES ('KS1027','Filter Cleaner liquid','2018-05-23','2020-10-01','NULL','Solid Co.');
INSERT INTO `Storage` (`S_Id`,`P_name`,`delivery_date`,`exp_date`,`amount`,`producer`) VALUES ('KS1028','Glass midel','2019-09-01','2026-03-09','35','Prod Soft A/S');
INSERT INTO `Storage` (`S_Id`,`P_name`,`delivery_date`,`exp_date`,`amount`,`producer`) VALUES ('KS1029','Hygiene liqiud','2020-10-01','2025-01-01','200','Clean mark');
INSERT INTO `Storage` (`S_Id`,`P_name`,`delivery_date`,`exp_date`,`amount`,`producer`) VALUES ('KS1030','Dispenser','2008-01-02','','20','Clean mark');
-- -----------------------------------------------------
-- Table `Part4`.`Products`
-- -----------------------------------------------------
DROP TABLE IF EXISTS `Part4`.`Products` ;

CREATE TABLE IF NOT EXISTS `Part4`.`Products` (
  `P_Id` INT NOT NULL,
  `name` VARCHAR(45) NULL,
  `price` VARCHAR(45) NULL,
  `Storage_Id` VARCHAR(45) NULL,
  PRIMARY KEY (`P_Id`),
  CONSTRAINT `fk_Product_2`
    FOREIGN KEY (`Storage_Id`)
    REFERENCES `Part4`.`Storage` (`S_Id`)
    ON DELETE NO ACTION
    ON UPDATE NO ACTION)
ENGINE = InnoDB;

CREATE UNIQUE INDEX `P_Id_UNIQUE` ON `Part4`.`Products` (`P_Id` ASC);

CREATE UNIQUE INDEX `Storage_Id_UNIQUE` ON `Part4`.`Products` (`Storage_Id` ASC);

INSERT INTO `Products` (`P_Id`,`name`,`price`,`Storage_Id`) VALUES (001,'Soap','32','KS1020');
INSERT INTO `Products` (`P_Id`,`name`,`price`,`Storage_Id`) VALUES (002,'Detergent 002','35','KS1021');
INSERT INTO `Products` (`P_Id`,`name`,`price`,`Storage_Id`) VALUES (003,'Hygiene liqiud','55','KS1029');
INSERT INTO `Products` (`P_Id`,`name`,`price`,`Storage_Id`) VALUES (004,'Spray deodorant','35','KS1022');
INSERT INTO `Products` (`P_Id`,`name`,`price`,`Storage_Id`) VALUES (005,'Cleaner kH2','65','KS1023');
INSERT INTO `Products` (`P_Id`,`name`,`price`,`Storage_Id`) VALUES (006,'Dispencer','85','KS1030');
INSERT INTO `Products` (`P_Id`,`name`,`price`,`Storage_Id`) VALUES (007,'Toilet paper','38','KS1025');
INSERT INTO `Products` (`P_Id`,`name`,`price`,`Storage_Id`) VALUES (008,'Oil Cleaner','98','KS1026');
INSERT INTO `Products` (`P_Id`,`name`,`price`,`Storage_Id`) VALUES (009,'Filter Cleaner liquid','34','KS1027');
INSERT INTO `Products` (`P_Id`,`name`,`price`,`Storage_Id`) VALUES (010,'Glass midel','23','KS1028');
-- -----------------------------------------------------
-- Table `Part4`.`Customers_has_Product`
-- -----------------------------------------------------
DROP TABLE IF EXISTS `Part4`.`Customers_has_Product` ;

CREATE TABLE IF NOT EXISTS `Part4`.`Customers_has_Product` (
  `Customers_C_id` INT NOT NULL,
  `Product_P_Id` INT NOT NULL,
  PRIMARY KEY (`Customers_C_id`, `Product_P_Id`),
  CONSTRAINT `fk_Customers_has_Product_Customers1`
    FOREIGN KEY (`Customers_C_id`)
    REFERENCES `Part4`.`Customers` (`C_id`)
    ON DELETE NO ACTION
    ON UPDATE NO ACTION,
  CONSTRAINT `fk_Customers_has_Product_Product1`
    FOREIGN KEY (`Product_P_Id`)
    REFERENCES `Part4`.`Products` (`P_Id`)
    ON DELETE NO ACTION
    ON UPDATE NO ACTION)
ENGINE = InnoDB;

CREATE INDEX `fk_Customers_has_Product_Product1_idx` ON `Part4`.`Customers_has_Product` (`Product_P_Id` ASC);

CREATE INDEX `fk_Customers_has_Product_Customers1_idx` ON `Part4`.`Customers_has_Product` (`Customers_C_id` ASC);

INSERT INTO `Customers_has_Product` (`Customers_C_id`,`Product_P_Id`) VALUES (1001,004);
INSERT INTO `Customers_has_Product` (`Customers_C_id`,`Product_P_Id`) VALUES (1001,006);
INSERT INTO `Customers_has_Product` (`Customers_C_id`,`Product_P_Id`) VALUES (1001,010);
INSERT INTO `Customers_has_Product` (`Customers_C_id`,`Product_P_Id`) VALUES (1002,001);
INSERT INTO `Customers_has_Product` (`Customers_C_id`,`Product_P_Id`) VALUES (1002,004);
INSERT INTO `Customers_has_Product` (`Customers_C_id`,`Product_P_Id`) VALUES (1002,005);
INSERT INTO `Customers_has_Product` (`Customers_C_id`,`Product_P_Id`) VALUES (1003,010);
INSERT INTO `Customers_has_Product` (`Customers_C_id`,`Product_P_Id`) VALUES (1003,003);
INSERT INTO `Customers_has_Product` (`Customers_C_id`,`Product_P_Id`) VALUES (1003,004);
INSERT INTO `Customers_has_Product` (`Customers_C_id`,`Product_P_Id`) VALUES (1003,007);
INSERT INTO `Customers_has_Product` (`Customers_C_id`,`Product_P_Id`) VALUES (1003,009);
INSERT INTO `Customers_has_Product` (`Customers_C_id`,`Product_P_Id`) VALUES (1004,003);
INSERT INTO `Customers_has_Product` (`Customers_C_id`,`Product_P_Id`) VALUES (1005,001);
INSERT INTO `Customers_has_Product` (`Customers_C_id`,`Product_P_Id`) VALUES (1005,002);
INSERT INTO `Customers_has_Product` (`Customers_C_id`,`Product_P_Id`) VALUES (1005,003);
INSERT INTO `Customers_has_Product` (`Customers_C_id`,`Product_P_Id`) VALUES (1005,005);
INSERT INTO `Customers_has_Product` (`Customers_C_id`,`Product_P_Id`) VALUES (1006,001);
INSERT INTO `Customers_has_Product` (`Customers_C_id`,`Product_P_Id`) VALUES (1006,002);
INSERT INTO `Customers_has_Product` (`Customers_C_id`,`Product_P_Id`) VALUES (1007,004);
INSERT INTO `Customers_has_Product` (`Customers_C_id`,`Product_P_Id`) VALUES (1007,010);

SET SQL_MODE=@OLD_SQL_MODE;
SET FOREIGN_KEY_CHECKS=@OLD_FOREIGN_KEY_CHECKS;
SET UNIQUE_CHECKS=@OLD_UNIQUE_CHECKS;
